-- phpMyAdmin SQL Dump
-- version 4.7.4
-- https://www.phpmyadmin.net/
--
-- Host: 127.0.0.1:3306
-- Generation Time: Mar 29, 2018 at 11:41 AM
-- Server version: 5.7.19
-- PHP Version: 7.1.9

SET SQL_MODE = "NO_AUTO_VALUE_ON_ZERO";
SET AUTOCOMMIT = 0;
START TRANSACTION;
SET time_zone = "+00:00";


/*!40101 SET @OLD_CHARACTER_SET_CLIENT=@@CHARACTER_SET_CLIENT */;
/*!40101 SET @OLD_CHARACTER_SET_RESULTS=@@CHARACTER_SET_RESULTS */;
/*!40101 SET @OLD_COLLATION_CONNECTION=@@COLLATION_CONNECTION */;
/*!40101 SET NAMES utf8mb4 */;

--
-- Database: `lab5`
--

-- --------------------------------------------------------

--
-- Table structure for table `company`
--

DROP TABLE IF EXISTS `company`;
CREATE TABLE IF NOT EXISTS `company` (
  `id_company` int(11) UNSIGNED NOT NULL AUTO_INCREMENT,
  `name` varchar(255) NOT NULL,
  `foundation_year` year(4) NOT NULL,
  PRIMARY KEY (`id_company`),
  UNIQUE KEY `name` (`name`)
) ENGINE=InnoDB AUTO_INCREMENT=194 DEFAULT CHARSET=utf8;

--
-- Dumping data for table `company`
--

INSERT INTO `company` (`id_company`, `name`, `foundation_year`) VALUES
(1, 'F8MV9UII', 2008),
(2, '8Q9SRGYY', 1996),
(3, 'UFG53GPP', 1987),
(4, 'J2J7L8JJ', 2014),
(5, '8VBYC3BB', 1984),
(6, 'IV83HCKK', 1981),
(7, 'UNPRLL77', 2008),
(8, 'O7S5UMBB', 1993),
(9, 'SIOSR', 2006),
(10, 'HLEA63WW', 1998),
(11, 'IJCQZEBB', 1989),
(12, 'SH1PP2OO', 1991),
(13, 'W3SXLKK', 1996),
(14, 'I3NOHDDD', 2002),
(15, 'HUOKTRUU', 2001),
(16, 'P5CDJFTT', 1994),
(17, 'CV9030JJ', 1996),
(18, 'Y6CPG7DD', 2005),
(19, '2KPK22', 1986),
(20, 'WXEKKDVV', 1993),
(21, 'KOVVJ8WW', 1989),
(22, 'RIBVSH77', 1993),
(23, 'UP5D8NZZ', 2005),
(24, 'Z6YISV22', 2003),
(25, 'UC2GGO77', 2009),
(26, '8645HMYY', 1994),
(27, 'Y1Q6VF88', 1996),
(28, 'LUQ7T9WW', 2011),
(29, 'WRL338MM', 1995),
(30, 'Y4QA8XYY', 1989),
(31, 'FG49OBSS', 1990),
(32, 'O5XU2RDD', 2008),
(33, 'C0L1MBDD', 2015),
(34, 'OVZFR4VV', 1996),
(35, 'EXMGJ4TT', 1982),
(36, 'G0VGG2FF', 1983),
(37, 'SI3GJ55', 1992),
(38, '6TMT0JZZ', 2004),
(39, 'BHUSJL55', 2000),
(40, '14VD5SCC', 1993),
(41, 'NPLZEYY', 2015),
(42, '0MOMWJMM', 1983),
(43, 'Z24VXV44', 1983),
(44, '7TGXZ2UU', 1982),
(45, 'LWE3L4LL', 1987),
(46, 'BYGWLFDD', 1988),
(47, 'NBKLH5HH', 2006),
(48, 'R3V5ANTT', 1992),
(49, 'RPD59GHH', 1985),
(50, 'OST3Y022', 2009),
(51, 'WWJO7KK', 2006),
(52, 'G1IVNIVV', 1989),
(53, 'VHWD6DEE', 2000),
(54, 'CMYD0Q44', 1992),
(55, 'XCQQZ544', 2002),
(56, 'ZZJ7O233', 1996),
(57, 'UB37K222', 2009),
(58, 'QTX9HXX', 1985),
(59, 'ZAP8FWSS', 1997),
(60, 'C3QJXMOO', 1999),
(61, 'TY0NEQQ', 1980),
(62, '8M6CH2BB', 1995),
(63, 'L4QMT3', 2012),
(64, 'UGR3LE99', 2016),
(65, '8M19FZ44', 2004),
(66, 'JER2R111', 2005),
(67, 'QITO6M88', 2016),
(68, 'RXHHJXX', 1995),
(69, 'K1EMO88', 1984),
(70, 'P0HQYFHH', 2006),
(71, '8BN015QQ', 1991),
(72, '5V3F9OWW', 2003),
(73, 'K8W8P788', 1982),
(74, 'Q3GN6833', 1995),
(75, 'DYNHH7PP', 2005),
(76, 'OUSFGWTT', 1983),
(77, 'OK5PEDTT', 2002),
(78, 'BS41KSUU', 2001),
(79, 'BTOVV88', 2007),
(80, 'KMAXPTT', 1980),
(81, 'F5PX9LYY', 2003),
(82, 'VS7GY1RR', 2009),
(83, '1ZI8L8WW', 2002),
(84, 'ZF9967XX', 1993),
(85, 'EC38JH44', 1991),
(86, 'FVJP70II', 2001),
(87, '6IN0TNVV', 1999),
(88, 'MAXURR', 2002),
(89, 'JSDNW8SS', 2002),
(90, 'GXHQLL', 1989),
(91, 'PCIS9ELL', 1993),
(92, 'EFL6WJPP', 2008),
(93, '36KTIB77', 1985),
(94, 'PLDMXJDD', 2014),
(95, 'O7ZKRZCC', 1986),
(96, 'MH2DP322', 1985),
(97, 'U5U72ANN', 1980),
(98, '69XOEC66', 2012),
(99, 'XN15KZ33', 1998),
(100, 'HNO064YY', 1998),
(101, '3R5K5D55', 2014),
(102, 'TUT5XX99', 1989),
(103, '977D02KK', 1993),
(104, 'L2XOLSS', 2012),
(105, 'TFDLK988', 1983),
(106, 'VQWI6FF', 1980),
(107, 'WCMD07HH', 1998),
(108, 'QBGMZBBB', 2000),
(109, 'QC6F9J11', 2016),
(110, '87PQPXMM', 2012),
(111, 'FBQDVJGG', 2011),
(112, 'PUW1Y8AA', 1980),
(113, 'Z7RETHEE', 1999),
(114, 'WRNURAGG', 2012),
(115, 'WYWN3N11', 1988),
(116, '24NYH5QQ', 1988),
(117, 'YAJVWMNN', 1987),
(118, 'ZN3QOQSS', 1980),
(119, '1H36YXTT', 1997),
(120, 'ES62YFII', 2014),
(121, 'SD1G7HJJ', 1992),
(122, 'AGDRKB55', 2011),
(123, 'OX014811', 1989),
(124, 'ZNR2SPOO', 1987),
(125, 'DSWE8C33', 2001),
(126, '2CDZ5V33', 1983),
(127, '8WCRXNEE', 2009),
(128, 'IJPPE2TT', 2015),
(129, 'DJ8KOS22', 1993),
(130, 'XUTZC9MM', 1982),
(131, 'NCQUIQJJ', 2012),
(132, 'RYI5D8FF', 2015),
(133, 'QZFCUQBB', 1992),
(134, 'QAHCFLTT', 2006),
(135, '0E6JCQTT', 2011),
(136, 'FYK4D5QQ', 2008),
(137, 'C8IE28NN', 1982),
(138, 'RP5IPRSS', 1994),
(139, 'GKGW1FMM', 1980),
(140, '8OQMCBNN', 1996),
(141, 'G4P8V2GG', 1993),
(142, 'TUSM4NWW', 2013),
(143, '9QL04', 2009),
(144, 'HHWXRGHH', 1984),
(145, '9PA9DTGG', 1987),
(146, '772JMZ88', 2007),
(147, 'Z2X3XWW', 1992),
(148, '4V4720LL', 2005),
(149, 'RHR6WQDD', 1989),
(150, 'LWOY51BB', 2006),
(151, 'QDIF1F55', 1987),
(152, '9LKJPJ44', 1995),
(153, 'Y2B2RO99', 1994),
(154, 'KS1L3G22', 1993),
(155, 'K9MIPX22', 1991),
(156, '54ZOKSWW', 2003),
(157, 'BSZFJM00', 1997),
(158, '6DWKXIGG', 1984),
(159, 'FVCM0ZWW', 1981),
(160, 'Z2SD78JJ', 2009),
(161, 'EX2LDDJJ', 2006),
(162, '8VZJ74ZZ', 1988),
(163, 'AZSZTYFF', 2011),
(164, '9JFWQOHH', 1994),
(165, 'NFIKCDVV', 2000),
(166, 'OQWBVY77', 2012),
(167, '8D1D8XSS', 2014),
(168, '7WJXVXLL', 2000),
(169, 'MGFBCZZ', 1980),
(170, 'TE3W7MUU', 1990),
(171, '79UTZVMM', 1997),
(172, 'VT1Z488', 1985),
(173, '19IG5LNN', 2001),
(174, 'KX5X5866', 2005),
(175, '5ROE0G77', 1982),
(176, '6WYUNW77', 1985),
(177, 'P7G3AVYY', 1980),
(178, 'I2KS66', 2012),
(179, 'SPN4M9ZZ', 1996),
(180, 'BZGEIS99', 1994),
(181, 'KXG1H9OO', 2009),
(182, '5K7VL1SS', 1998),
(183, 'XPCZ33ZZ', 1983),
(184, 'SX9FYMVV', 1997),
(185, 'JFBI2HOO', 2015),
(186, 'D9AOO4OO', 1987),
(187, 'A6T0B0YY', 1987),
(188, 'XR4RCDZZ', 1987),
(189, 'VZ2J4OBB', 2015),
(190, 'WB2FSYHH', 1989),
(191, 'Аргус', 2010),
(192, 'Фарма', 2010),
(193, 'Гедеон Рихтер', 2011);

-- --------------------------------------------------------

--
-- Table structure for table `company_dealer`
--

DROP TABLE IF EXISTS `company_dealer`;
CREATE TABLE IF NOT EXISTS `company_dealer` (
  `id_company_dealer` int(11) UNSIGNED NOT NULL AUTO_INCREMENT,
  `id_company` int(11) UNSIGNED NOT NULL,
  `last_name` varchar(255) NOT NULL,
  `phone` varchar(255) DEFAULT NULL,
  PRIMARY KEY (`id_company_dealer`),
  UNIQUE KEY `last_name` (`last_name`),
  UNIQUE KEY `phone` (`phone`),
  KEY `id_company` (`id_company`)
) ENGINE=InnoDB AUTO_INCREMENT=103 DEFAULT CHARSET=utf8;

--
-- Dumping data for table `company_dealer`
--

INSERT INTO `company_dealer` (`id_company_dealer`, `id_company`, `last_name`, `phone`) VALUES
(1, 193, 'Tsgcvtjn', '79525990199'),
(2, 193, 'Yghudeof', '79303618746'),
(3, 193, 'Pjyssjqe', '79903649775'),
(4, 193, 'Jxoyahli', '79389192454'),
(5, 193, 'Atpuency', '79314891890'),
(6, 193, 'Nyfgqjzt', '79807496227'),
(7, 193, 'Gmseszub', '79956833448'),
(8, 193, 'Yqmjkyne', '79839814867'),
(9, 193, 'Ptateclb', '79893002868'),
(10, 193, 'Keewfmve', '79810979397'),
(11, 193, 'Lzpdupqk', '79094600998'),
(12, 193, 'Ifdzlgag', '79127810635'),
(13, 193, 'Hexcqzbg', '79055239638'),
(14, 193, 'Mdgudjjv', '79924546828'),
(15, 26, 'Vjkyntdn', '79092506187'),
(16, 9, 'Gxwpjzvd', '79201873223'),
(17, 31, 'Jvbwfkjq', '79172042794'),
(18, 65, 'Txfkileq', '79618717322'),
(19, 52, 'Vqttmfod', '79093830290'),
(20, 40, 'Wczqebef', '79189350564'),
(21, 26, 'Zfcvwuhe', '79043359835'),
(22, 36, 'Ggkgbood', '79074320414'),
(23, 65, 'Ywmwwqqi', '79641526619'),
(24, 25, 'Iytxivej', '79237875146'),
(25, 89, 'Nwtfwqpa', '79493829780'),
(26, 56, 'Tdjkxjdp', '79587976990'),
(27, 37, 'Pywpiuae', '79394341489'),
(28, 16, 'Xdxfflnk', '79358455109'),
(29, 55, 'Wqeispwn', '79056503807'),
(30, 49, 'Feqffizz', '79859189193'),
(31, 70, 'Nmwydvqu', '79074323959'),
(32, 31, 'Owqpbmfq', '79449416895'),
(33, 77, 'Fsxkgdwx', '79023028676'),
(34, 14, 'Ryenpjeq', '79769902992'),
(35, 8, 'Tolnjgcs', '79238435659'),
(36, 6, 'Kuvtiiqg', '79265983425'),
(37, 33, 'Wiacniza', '79034201910'),
(38, 63, 'Binpjbeq', '79789186985'),
(39, 94, 'Ceclwamk', '79427965530'),
(40, 96, 'Tykgzduo', '79318846188'),
(41, 58, 'Izwkjqaf', '79935024321'),
(42, 22, 'Oeekjton', '79935041489'),
(43, 5, 'Lzekaypc', '79604956618'),
(44, 94, 'Cpstqyvi', '79190244753'),
(45, 8, 'Jeevtdmb', '79819420420'),
(46, 16, 'Thggpgjc', '79406186826'),
(47, 54, 'Tdlvsdlx', '79231513357'),
(48, 31, 'Dsdpozgg', '79468453223'),
(49, 98, 'Wmsesbcj', '79551130369'),
(50, 99, 'Afybkxiv', '79282709813'),
(51, 39, 'Utlwcxgo', '79917544076'),
(52, 89, 'Pgmquatq', '79852658341'),
(53, 50, 'Xctlauvv', '79676021069'),
(54, 5, 'Inetuqve', '79592262621'),
(55, 26, 'Tzsoplih', '79567690342'),
(56, 192, 'Iggoakax', '79329226379'),
(57, 192, 'Hcezzxod', '79926245265'),
(58, 192, 'Tzspyvhz', '79022383377'),
(59, 192, 'Pffmseui', '79226566395'),
(60, 192, 'Feddgxvj', '79237819114'),
(61, 192, 'Fqliieiq', '79242219586'),
(62, 192, 'Qspwpiyq', '79380805796'),
(63, 192, 'Ncwdaekx', '79383342169'),
(64, 192, 'Hxeqdtks', '79389061546'),
(65, 192, 'Twbushed', '79095174958'),
(66, 192, 'Hubyozdu', '79550616763'),
(67, 192, 'Qoahlkoe', '79761533552'),
(68, 192, 'Eegtympp', '79227635918'),
(69, 192, 'Blavaqex', '79923098303'),
(70, 192, 'Bjehkeoj', '79148076780'),
(71, 192, 'Nzlhdvez', '79793021081'),
(72, 192, 'Jgecymoh', '79814545656'),
(73, 192, 'Ieisosva', '79566376187'),
(74, 192, 'Bfxvnaqa', '79171695054'),
(75, 192, 'Jilgwswh', '79813104204'),
(76, 192, 'Wddfqpah', '79449565057'),
(77, 192, 'Eizbfydw', '79871475469'),
(78, 78, 'Aejwdekl', '79081263017'),
(79, 4, 'Achfgnvo', '79321873231'),
(80, 43, 'Usesayep', '79902192278'),
(81, 7, 'Tqvhxqlk', '79734339420'),
(82, 61, 'Uenbueyv', '79267547186'),
(83, 84, 'Dcfeeldk', '79685193761'),
(84, 93, 'Bmidqvem', '79892243602'),
(85, 10, 'Upqiuzmm', '79944755918'),
(86, 4, 'Mgvkonal', '79298504475'),
(87, 27, 'Tauxecyk', '79211959040'),
(88, 11, 'Gwpizvfq', '79567760170'),
(89, 26, 'Ajutmcze', '79376021945'),
(90, 3, 'Qblykgzc', '79685192329'),
(91, 94, 'Yxetpucg', '79845663639'),
(92, 48, 'Pmsdngpg', '79585264322'),
(93, 63, 'Isopkgah', '79301532242'),
(94, 15, 'Xbebjsju', '79873245572'),
(95, 95, 'Zcpeqbkv', '79911950409'),
(96, 78, 'Xdykfuhd', '79740806020'),
(97, 76, 'Nkimnaos', '79961062263'),
(98, 92, 'Mpnujmkn', '79322437357'),
(99, 94, 'Nwewfmvq', '79789043238'),
(100, 34, 'Bgecxhse', '79344722398'),
(101, 35, 'Ewuigfki', '79398096415'),
(102, 193, 'Abcger', '7799112451');

-- --------------------------------------------------------

--
-- Table structure for table `medicine`
--

DROP TABLE IF EXISTS `medicine`;
CREATE TABLE IF NOT EXISTS `medicine` (
  `id_medicine` int(11) UNSIGNED NOT NULL AUTO_INCREMENT,
  `name` varchar(255) NOT NULL,
  `treatment_duration` tinyint(3) UNSIGNED NOT NULL,
  PRIMARY KEY (`id_medicine`),
  UNIQUE KEY `name` (`name`)
) ENGINE=InnoDB AUTO_INCREMENT=112 DEFAULT CHARSET=utf8;

--
-- Dumping data for table `medicine`
--

INSERT INTO `medicine` (`id_medicine`, `name`, `treatment_duration`) VALUES
(1, 'Tvydvuma', 51),
(2, 'Mgvjkykg', 1),
(3, 'Ipahkdng', 40),
(4, 'Dxedenzl', 19),
(5, 'Yzzyvgud', 30),
(6, 'Qyvicmcb', 6),
(7, 'Dncykdpm', 40),
(8, 'Mpenqoze', 64),
(9, 'Akymohwn', 62),
(10, 'Xvncyjbc', 28),
(11, 'Rfyfdbxj', 2),
(12, 'Bhebsjsm', 19),
(13, 'Xeqggpec', 65),
(14, 'Jazudgxs', 56),
(15, 'Wyecvwws', 64),
(16, 'Mpqjwflp', 49),
(17, 'Ripblzpb', 40),
(18, 'Phemkqys', 54),
(19, 'Sfwvnbvy', 14),
(20, 'Ddfqqfdc', 9),
(21, 'Gyzbhgia', 6),
(22, 'Iispwncu', 46),
(23, 'Xobptcdk', 45),
(24, 'Zzywjggm', 49),
(25, 'Zuymnfme', 5),
(26, 'Fycomwtf', 52),
(27, 'Ceszuaei', 42),
(28, 'Zevszwkk', 51),
(29, 'Lceogpgk', 17),
(30, 'Alaxlnei', 15),
(31, 'Amifcxee', 18),
(32, 'Ugxqpboo', 4),
(33, 'Qagctngu', 6),
(34, 'Bdlvungq', 34),
(35, 'Lwxyahiu', 1),
(36, 'Qcoodzlg', 66),
(37, 'Ywodzpag', 12),
(38, 'Ddgvkpeq', 7),
(39, 'Ptzpakxh', 51),
(40, 'Tqxqmked', 40),
(41, 'Mqvfmxbo', 48),
(42, 'Riehntch', 5),
(43, 'Nlqxqjye', 34),
(44, 'Jmgufqoy', 3),
(45, 'Jqbkylij', 56),
(46, 'Yfjethcq', 58),
(47, 'Gtaxlomq', 53),
(48, 'Vziuwyec', 67),
(49, 'Lluqwkmd', 16),
(50, 'Swfnwtgz', 13),
(51, 'Xakzsnmv', 53),
(52, 'Hcednhwk', 34),
(53, 'Emydwxxw', 39),
(54, 'Egeegheo', 56),
(55, 'Gvjjtqzy', 54),
(56, 'Auxdzmmz', 27),
(57, 'Ayqjyekb', 9),
(58, 'Ltlatsil', 17),
(59, 'Vnbskxjb', 20),
(60, 'Dwydtmby', 36),
(61, 'Saxodwye', 68),
(62, 'Jxlnhuem', 62),
(63, 'Yageehag', 7),
(64, 'Tokmbynu', 30),
(65, 'Sgdwzgjd', 37),
(66, 'Fmuojetg', 65),
(67, 'Weelcfug', 66),
(68, 'Yugviexy', 5),
(69, 'Mfpliism', 22),
(70, 'Cmejjtpt', 68),
(71, 'Oyafakaw', 19),
(72, 'Swcxefpg', 33),
(73, 'Qspxvhae', 61),
(74, 'Ujnnydxb', 39),
(75, 'Pjabfyaj', 45),
(76, 'Dvtfwqek', 68),
(77, 'Rjwfnwui', 25),
(78, 'Tsfzieka', 65),
(79, 'Nvqejxll', 68),
(80, 'Lijuwxya', 16),
(81, 'Cvumaqex', 4),
(82, 'Nnzkchdw', 57),
(83, 'Ndbztvve', 64),
(84, 'Msdmcats', 19),
(85, 'Fizyubym', 44),
(86, 'Rlgzcmek', 35),
(87, 'Gviexzez', 22),
(88, 'Qgiwhzxs', 56),
(89, 'Vthfeejk', 58),
(90, 'Xcueyuca', 63),
(91, 'Kjoetupe', 45),
(92, 'Cqvenamj', 29),
(93, 'Xjbfvmbs', 35),
(94, 'Ibioszss', 24),
(95, 'Osawiacl', 64),
(96, 'Egssmiex', 63),
(97, 'Vkqzwnxx', 66),
(98, 'Xtbbdksh', 27),
(99, 'Zvcbayel', 13),
(100, 'Pmevekla', 54),
(101, 'Upsslbyn', 54),
(102, 'Hfcyjyep', 66),
(103, 'Wpheotaw', 24),
(104, 'Bfybkynv', 31),
(105, 'Tkutjpwn', 6),
(106, 'Uulxdbyk', 14),
(107, 'Tgxufswg', 40),
(108, 'Dasnjkut', 33),
(109, 'Bvyfhvhw', 37),
(110, 'Zjxjdpnx', 70),
(111, 'Кордерон', 5);

-- --------------------------------------------------------

--
-- Table structure for table `medicine_manufacture`
--

DROP TABLE IF EXISTS `medicine_manufacture`;
CREATE TABLE IF NOT EXISTS `medicine_manufacture` (
  `id_medicine_manufacture` int(11) UNSIGNED NOT NULL AUTO_INCREMENT,
  `id_company` int(11) UNSIGNED NOT NULL,
  `id_medicine` int(11) UNSIGNED NOT NULL,
  `price` int(11) UNSIGNED NOT NULL,
  `rating` tinyint(2) UNSIGNED NOT NULL,
  PRIMARY KEY (`id_medicine_manufacture`),
  KEY `id_company` (`id_company`),
  KEY `id_medicine` (`id_medicine`)
) ENGINE=InnoDB AUTO_INCREMENT=114 DEFAULT CHARSET=utf8;

--
-- Dumping data for table `medicine_manufacture`
--

INSERT INTO `medicine_manufacture` (`id_medicine_manufacture`, `id_company`, `id_medicine`, `price`, `rating`) VALUES
(1, 23, 15, 225, 9),
(2, 72, 49, 2150, 1),
(3, 90, 69, 5877, 9),
(4, 62, 88, 4121, 9),
(5, 96, 26, 3002, 10),
(6, 13, 50, 824, 1),
(7, 3, 85, 888, 6),
(8, 4, 84, 726, 7),
(9, 94, 42, 2961, 6),
(10, 5, 45, 846, 7),
(11, 19, 62, 4167, 7),
(12, 76, 22, 6520, 5),
(13, 43, 69, 1092, 2),
(14, 64, 77, 7267, 4),
(15, 26, 55, 7864, 5),
(16, 27, 39, 912, 2),
(17, 43, 77, 4632, 6),
(18, 59, 20, 1882, 3),
(19, 58, 19, 1465, 5),
(20, 37, 28, 2377, 4),
(21, 65, 36, 6567, 7),
(22, 5, 76, 5190, 3),
(23, 98, 94, 5866, 4),
(24, 88, 16, 1142, 10),
(25, 27, 88, 4913, 8),
(26, 44, 32, 2486, 10),
(27, 42, 25, 9072, 6),
(28, 20, 2, 4352, 8),
(29, 34, 24, 1605, 10),
(30, 29, 84, 2348, 9),
(31, 98, 100, 507, 2),
(32, 33, 43, 1145, 4),
(33, 45, 82, 5908, 3),
(34, 25, 99, 1666, 4),
(35, 9, 80, 5718, 10),
(36, 20, 83, 4423, 7),
(37, 29, 76, 7419, 3),
(38, 38, 8, 2066, 3),
(39, 7, 57, 4973, 7),
(40, 42, 20, 6034, 7),
(41, 18, 62, 4444, 3),
(42, 93, 98, 580, 2),
(43, 45, 3, 6384, 2),
(44, 91, 12, 7033, 5),
(45, 5, 59, 6253, 7),
(46, 16, 46, 6330, 8),
(47, 60, 60, 1527, 10),
(48, 18, 29, 7239, 3),
(49, 68, 65, 1843, 7),
(50, 21, 32, 9138, 5),
(51, 100, 3, 856, 5),
(52, 48, 4, 6263, 10),
(53, 80, 63, 6830, 5),
(54, 84, 93, 1171, 4),
(55, 95, 31, 5537, 4),
(56, 54, 61, 3366, 5),
(57, 29, 17, 7753, 6),
(58, 36, 85, 1365, 4),
(59, 33, 9, 3854, 2),
(60, 15, 28, 7461, 7),
(61, 85, 43, 4786, 10),
(62, 72, 77, 5428, 6),
(63, 11, 49, 950, 3),
(64, 14, 32, 2097, 3),
(65, 96, 25, 3207, 5),
(66, 1, 99, 7381, 7),
(67, 65, 48, 3297, 1),
(68, 65, 100, 411, 2),
(69, 27, 16, 7867, 8),
(70, 46, 33, 2588, 1),
(71, 42, 23, 7233, 3),
(72, 84, 45, 5966, 2),
(73, 39, 69, 2004, 9),
(74, 22, 31, 7174, 8),
(75, 57, 14, 7777, 2),
(76, 47, 39, 4417, 5),
(77, 192, 35, 8505, 10),
(78, 192, 13, 7275, 3),
(79, 192, 7, 6695, 3),
(80, 192, 48, 3161, 8),
(81, 192, 53, 103, 8),
(82, 192, 36, 2848, 6),
(83, 192, 45, 1049, 7),
(84, 192, 17, 6999, 8),
(85, 192, 83, 3590, 7),
(86, 192, 52, 2226, 10),
(87, 192, 33, 1580, 10),
(88, 192, 12, 3640, 8),
(89, 192, 30, 5536, 9),
(90, 192, 76, 573, 1),
(91, 192, 27, 308, 8),
(92, 192, 87, 1168, 5),
(93, 192, 21, 5890, 1),
(94, 192, 99, 1464, 8),
(95, 192, 26, 3045, 7),
(96, 192, 59, 4073, 1),
(97, 192, 36, 3611, 5),
(98, 192, 59, 2885, 9),
(99, 192, 17, 5267, 9),
(100, 192, 8, 7463, 7),
(101, 192, 44, 7845, 7),
(102, 192, 15, 7233, 3),
(103, 192, 72, 2726, 5),
(104, 192, 70, 6750, 7),
(105, 192, 15, 2411, 8),
(106, 191, 111, 2970, 8),
(107, 191, 111, 5915, 8),
(108, 192, 60, 5135, 7),
(109, 192, 27, 151, 2),
(110, 192, 42, 2065, 8),
(111, 191, 111, 6912, 7),
(112, 121, 21, 3456, 8),
(113, 191, 33, 2419, 8);

-- --------------------------------------------------------

--
-- Table structure for table `medicine_order`
--

DROP TABLE IF EXISTS `medicine_order`;
CREATE TABLE IF NOT EXISTS `medicine_order` (
  `id_medicine_order` int(11) UNSIGNED NOT NULL AUTO_INCREMENT,
  `id_medicine_manufacture` int(11) UNSIGNED NOT NULL,
  `id_company_dealer` int(11) UNSIGNED NOT NULL,
  `id_medicine` int(11) UNSIGNED NOT NULL,
  `date` date NOT NULL,
  `quantity` smallint(5) UNSIGNED NOT NULL,
  `id_pharmacy` int(11) UNSIGNED NOT NULL,
  PRIMARY KEY (`id_medicine_order`),
  KEY `id_medicine_manufacture` (`id_medicine_manufacture`),
  KEY `id_company_dealer` (`id_company_dealer`),
  KEY `id_medicine` (`id_medicine`),
  KEY `id_pharmacy` (`id_pharmacy`)
) ENGINE=InnoDB AUTO_INCREMENT=113 DEFAULT CHARSET=utf8;

--
-- Dumping data for table `medicine_order`
--

INSERT INTO `medicine_order` (`id_medicine_order`, `id_medicine_manufacture`, `id_company_dealer`, `id_medicine`, `date`, `quantity`, `id_pharmacy`) VALUES
(1, 39, 46, 11, '2018-03-26', 3211, 104),
(2, 17, 23, 65, '2018-03-21', 4376, 11),
(3, 5, 7, 16, '2018-03-20', 3417, 77),
(4, 2, 39, 89, '2018-03-25', 3650, 18),
(5, 29, 61, 54, '2018-03-27', 5011, 81),
(6, 96, 26, 40, '2018-03-25', 163, 15),
(7, 41, 92, 40, '2018-03-25', 5624, 56),
(8, 1, 24, 16, '2018-03-28', 5250, 12),
(9, 17, 22, 59, '2018-03-25', 3894, 4),
(10, 40, 5, 1, '2018-03-16', 3569, 93),
(11, 21, 23, 50, '2018-03-17', 3963, 8),
(12, 81, 7, 89, '2018-03-25', 3276, 93),
(13, 1, 41, 99, '2018-03-18', 4083, 108),
(14, 22, 5, 58, '2018-03-18', 5717, 39),
(15, 56, 94, 100, '2018-03-26', 5200, 91),
(16, 83, 52, 12, '2018-03-28', 4429, 6),
(17, 65, 1, 11, '2018-03-22', 826, 90),
(18, 23, 70, 73, '2018-03-28', 3282, 97),
(19, 74, 3, 94, '2018-03-20', 1091, 106),
(20, 12, 3, 81, '2018-03-16', 1258, 13),
(21, 28, 77, 4, '2018-03-20', 153, 82),
(22, 36, 71, 100, '2018-03-26', 3913, 36),
(23, 63, 20, 7, '2018-03-18', 3745, 47),
(24, 83, 25, 77, '2018-03-27', 920, 14),
(25, 50, 1, 57, '2018-03-17', 1897, 41),
(26, 18, 91, 4, '2018-03-22', 511, 50),
(27, 12, 32, 25, '2018-03-25', 3825, 17),
(28, 37, 91, 42, '2018-03-23', 3587, 46),
(29, 89, 64, 86, '2018-03-20', 4129, 65),
(30, 52, 51, 97, '2018-03-24', 4741, 76),
(31, 94, 30, 67, '2018-03-22', 1328, 72),
(32, 78, 24, 82, '2018-03-23', 2729, 24),
(33, 14, 32, 18, '2018-03-16', 135, 12),
(34, 40, 89, 28, '2018-03-19', 3945, 101),
(35, 21, 4, 58, '2018-03-18', 948, 24),
(36, 46, 81, 65, '2018-03-17', 1365, 39),
(37, 64, 49, 52, '2018-03-27', 489, 12),
(38, 4, 92, 49, '2018-03-19', 5065, 52),
(39, 25, 72, 31, '2018-03-16', 770, 4),
(40, 91, 16, 7, '2018-03-17', 414, 84),
(41, 79, 72, 97, '2018-03-28', 2277, 72),
(42, 85, 11, 98, '2018-03-20', 5803, 111),
(43, 10, 57, 93, '2018-03-15', 2062, 6),
(44, 75, 71, 70, '2018-03-24', 3906, 26),
(45, 36, 83, 5, '2018-03-18', 4109, 4),
(46, 13, 60, 74, '2018-03-27', 5674, 49),
(47, 31, 71, 58, '2018-03-17', 1334, 13),
(48, 74, 2, 89, '2018-03-24', 797, 30),
(49, 60, 58, 66, '2018-03-17', 4283, 108),
(50, 15, 59, 57, '2018-03-20', 3744, 6),
(51, 30, 63, 85, '2018-03-24', 5124, 38),
(52, 33, 7, 36, '2018-03-20', 5149, 63),
(53, 54, 9, 85, '2018-03-15', 1110, 87),
(54, 11, 95, 44, '2018-03-24', 1977, 24),
(55, 67, 36, 79, '2018-03-16', 5654, 83),
(56, 13, 82, 69, '2018-03-15', 4733, 7),
(57, 5, 86, 15, '2018-03-26', 2557, 6),
(58, 61, 76, 56, '2018-03-21', 5209, 10),
(59, 69, 82, 1, '2018-03-20', 5530, 31),
(60, 85, 48, 85, '2018-03-17', 2463, 13),
(61, 69, 20, 94, '2018-03-28', 3153, 85),
(62, 44, 60, 25, '2018-03-20', 735, 52),
(63, 71, 16, 65, '2018-03-18', 5016, 4),
(64, 93, 12, 82, '2018-03-18', 1257, 86),
(65, 85, 62, 55, '2018-03-16', 4133, 85),
(66, 86, 20, 41, '2018-03-22', 368, 55),
(67, 94, 51, 70, '2018-03-15', 5103, 18),
(68, 29, 87, 48, '2018-03-17', 3076, 37),
(69, 20, 45, 64, '2018-03-16', 2256, 17),
(70, 31, 39, 3, '2018-03-15', 4818, 87),
(71, 9, 1, 78, '2018-03-16', 5784, 51),
(72, 25, 35, 99, '2018-03-16', 3372, 104),
(73, 10, 78, 61, '2018-03-19', 3537, 32),
(74, 92, 79, 22, '2018-03-19', 4726, 69),
(75, 89, 8, 71, '2018-03-24', 2465, 27),
(76, 14, 46, 89, '2018-03-28', 2943, 39),
(77, 38, 39, 84, '2018-03-15', 2895, 4),
(78, 43, 67, 98, '2018-03-24', 2545, 13),
(79, 15, 48, 94, '2018-03-25', 2321, 51),
(80, 23, 95, 8, '2018-03-21', 2531, 105),
(81, 53, 35, 15, '2018-03-18', 891, 37),
(82, 59, 48, 62, '2018-03-19', 2647, 94),
(83, 24, 85, 52, '2018-03-28', 3620, 24),
(84, 94, 87, 54, '2018-03-28', 4294, 60),
(85, 39, 80, 82, '2018-03-19', 5925, 4),
(86, 88, 43, 51, '2018-03-25', 3905, 61),
(87, 56, 84, 52, '2018-03-27', 4886, 70),
(88, 86, 82, 51, '2018-03-27', 5448, 56),
(89, 29, 72, 24, '2018-03-22', 1404, 70),
(90, 72, 90, 32, '2018-03-16', 2570, 70),
(91, 53, 35, 14, '2018-03-19', 5463, 29),
(92, 56, 5, 57, '2018-03-19', 4162, 44),
(93, 44, 12, 25, '2018-03-16', 4550, 22),
(94, 10, 18, 63, '2018-03-20', 51, 88),
(95, 32, 56, 29, '2018-03-21', 255, 43),
(96, 69, 28, 35, '2018-03-16', 2676, 58),
(97, 54, 36, 17, '2018-03-18', 1934, 52),
(98, 32, 63, 70, '2018-03-16', 5825, 84),
(99, 21, 11, 91, '2018-03-25', 2718, 43),
(100, 56, 42, 43, '2018-03-16', 504, 75),
(101, 81, 77, 61, '2018-03-17', 4875, 22),
(102, 104, 63, 72, '2011-03-21', 110, 106),
(103, 77, 19, 63, '2018-03-20', 407, 20),
(104, 57, 63, 2, '2018-03-25', 5048, 2),
(105, 56, 23, 50, '2018-03-18', 2193, 63),
(106, 106, 53, 111, '2018-03-18', 3516, 85),
(107, 66, 52, 60, '2018-03-22', 3021, 14),
(108, 14, 17, 45, '2018-03-19', 939, 35),
(109, 70, 1, 94, '2018-03-19', 2784, 24),
(110, 37, 43, 4, '2018-03-16', 2167, 14),
(111, 111, 23, 111, '2018-03-22', 300, 109),
(112, 107, 14, 111, '2018-03-05', 132, 15);

-- --------------------------------------------------------

--
-- Table structure for table `pharmacy`
--

DROP TABLE IF EXISTS `pharmacy`;
CREATE TABLE IF NOT EXISTS `pharmacy` (
  `id_pharmacy` int(11) UNSIGNED NOT NULL AUTO_INCREMENT,
  `name` varchar(255) NOT NULL,
  `street` varchar(255) NOT NULL,
  `house` varchar(255) NOT NULL,
  PRIMARY KEY (`id_pharmacy`)
) ENGINE=InnoDB AUTO_INCREMENT=112 DEFAULT CHARSET=utf8;

--
-- Dumping data for table `pharmacy`
--

INSERT INTO `pharmacy` (`id_pharmacy`, `name`, `street`, `house`) VALUES
(1, 'Dollxfje', 'Ulwzffkl', 'Yliiehov'),
(2, 'Lsfzgiwh', 'Vjgdbtqx', 'Ssnmwvoh'),
(3, 'Uauvthhl', 'Jpwmtktm', 'Ceoehywk'),
(4, 'Lcbzvfmw', 'Wevczsnn', 'Yfhsutik'),
(5, 'Ztutjqaf', 'Ajwehxty', 'Nsbdojcm'),
(6, 'Bwdavzkc', 'Ijvbwaqz', 'Comtikzs'),
(7, 'Revojfyc', 'Psvyiemi', 'Gefnyfgo'),
(8, 'Zhowqnui', 'Ipzfaotc', 'Gwsvznee'),
(9, 'Miggoboo', 'Cvvsaayu', 'Bwdelqyv'),
(10, 'Enbtqvem', 'Xbqyvjil', 'Hcedokil'),
(11, 'Epmpoybl', 'Zemhyxta', 'Uyiwibga'),
(12, 'Mgxtbyel', 'Fetefbqa', 'Dezuauwx'),
(13, 'Wtceqsec', 'Omexpeei', 'Bhgjdmcb'),
(14, 'Awfmundg', 'Vhblyllt', 'Olonvqpf'),
(15, 'Efqowswe', 'Ievpozgi', 'Yenncykf'),
(16, 'Wqqghtxf', 'Jgdxcvve', 'Veidulvt'),
(17, 'Jmknkkwa', 'Qzdsbeev', 'Ejinetto'),
(18, 'Lnibjoev', 'Zkftdjmh', 'Afbefbpt'),
(19, 'Auzlgzdt', 'Hhmoiyss', 'Kyovoizy'),
(20, 'Sutjoeel', 'Emwwuhbn', 'Kkuvteex'),
(21, 'Kikceplk', 'Tnhwodbx', 'Jdmaqbmf'),
(22, 'Ncvvthey', 'Ezmnaefd', 'Zouigfkj'),
(23, 'Npkhfdau', 'Vwtcihkf', 'Uiffiabg'),
(24, 'Akyoyage', 'Egvidsdp', 'Nvokfxwe'),
(25, 'Uwzhowtb', 'Cigiubyo', 'Zdsesbcj'),
(26, 'Nodzmojd', 'Pmtfujlb', 'Ypdvsfui'),
(27, 'Gflngeei', 'Pyzafzgj', 'Zvfepyzd'),
(28, 'Rbdppezm', 'Kqzxqmkq', 'Acmddjio'),
(29, 'Vltinpjb', 'Gbnjhlgx', 'Tbbcgbop'),
(30, 'Itutkshi', 'Wgswdaso', 'Oeehahgl'),
(31, 'Nfpgmewk', 'Kskvxctm', 'Cbbcfxwn'),
(32, 'Cykfvlsh', 'Itvtjqad', 'Sdmbtpvh'),
(33, 'Yugugvkn', 'Klbyozdw', 'Vnbvyhpe'),
(34, 'Begecyke', 'Teqpalcc', 'Ifeeklat'),
(35, 'Tnhxsuvu', 'Lxeddgvm', 'Wwtdjlcc'),
(36, 'Hbnkkxgp', 'Fiazzwjg', 'Dwzisoql'),
(37, 'Ikyoyzdt', 'Kshhelft', 'Cgxwmxdx'),
(38, 'Cwyeaota', 'Xnwsaztw', 'Amknmupm'),
(39, 'Qtutildl', 'Sfamguft', 'Bawjhfht'),
(40, 'Zqdunhwm', 'Sfwsyqkz', 'Uaehkcke'),
(41, 'Dquaelcg', 'Vmwycoqm', 'Nbtptxhu'),
(42, 'Bxkijxjc', 'Kvvqsqae', 'Vexjgezn'),
(43, 'Qnvnczns', 'Bcjnlsfy', 'Cecmdeof'),
(44, 'Jdewkile', 'Ojackshj', 'Ztwalftc'),
(45, 'Fuifdykd', 'Nfmvqqis', 'Nmvqubyl'),
(46, 'Maejsoee', 'Jwdauwye', 'Btpeqdec'),
(47, 'Maqfcwzl', 'Djjvbvyh', 'Pdyeddic'),
(48, 'Qvfeqfda', 'Uuojgdao', 'Synulwxa'),
(49, 'Iqeanmwv', 'Pozezhov', 'Plkuqwjf'),
(50, 'Ydxbpufs', 'Xkiiteex', 'Ahljkzpe'),
(51, 'Butjqbje', 'Iqcpqlhb', 'Ldgywmuo'),
(52, 'Jgbmigda', 'Smgvkony', 'Dwveuykf'),
(53, 'Vmwyduqs', 'Sjejekxi', 'Wlqvdifz'),
(54, 'Juzkdkee', 'Vpozgixo', 'Zhmokjoe'),
(55, 'Snnbueyv', 'Fpjciite', 'Fydtkvzh'),
(56, 'Nujmfeux', 'Fgeqdupn', 'Xwpizxod'),
(57, 'Xedcbbdm', 'Bvapyxee', 'Hmnejilg'),
(58, 'Agedccga', 'Gedejkwe', 'Ejjsmhyx'),
(59, 'Sutngtyn', 'Uiffibge', 'Buseszxn'),
(60, 'Ybmfesmi', 'Ewteszsp', 'Zaethdwz'),
(61, 'Fbtoobsi', 'Pxsvbsla', 'Uyiuxedf'),
(62, 'Qoxvkoqn', 'Szvbxkfx', 'Xswgqlhe'),
(63, 'Wycpudhz', 'Dtijxlmz', 'Netsimlv'),
(64, 'Voiabfvq', 'Qiqfcyiw', 'Hvibkued'),
(65, 'Niyvhzbj', 'Pyvhbilg', 'Zblympln'),
(66, 'Fleyenpm', 'Ojckuqys', 'Utmatedq'),
(67, 'Twbqcqua', 'Vbsldjio', 'Tdkpsvyf'),
(68, 'Ixenqejy', 'Mpnwtfte', 'Ndeifann'),
(69, 'Cvxbpvjg', 'Fjetepoz', 'Ezhpdunf'),
(70, 'Mulwaoes', 'Osuuppda', 'Pyxudiey'),
(71, 'Edbxjdol', 'Neknkkto', 'Nydvsdng'),
(72, 'Reiowpli', 'Lcgwqoxx', 'Tztvwxwq'),
(73, 'Pcqvhxqn', 'Sawhvgtb', 'Axnxwpli'),
(74, 'Ldihjaac', 'Kshivbwe', 'Izbhfhuc'),
(75, 'Dlecngtz', 'Pdwxwoiy', 'Tykfxxuf'),
(76, 'Qnteqekb', 'Cfuhdwvn', 'Dbzsedsc'),
(77, 'Ilchdsfz', 'Eygmnhue', 'Kldiggln'),
(78, 'Iyvgtzej', 'Xiyuatsj', 'Pwpkeppb'),
(79, 'Opgoajtt', 'Lxgoamig', 'Edfofkik'),
(80, 'Zuaeghtu', 'Rcnehbim', 'Mxbqbijz'),
(81, 'Vcatuppf', 'Iyeehjcg', 'Ahlgzdsc'),
(82, 'Kuqvgvkl', 'Avcavaqc', 'Ptxgozfe'),
(83, 'Hytzsosx', 'Geqcomvp', 'Oajsoeqf'),
(84, 'Dbvaefct', 'Penohubx', 'Khfgpglm'),
(85, 'Znsztusg', 'Cqywknhz', 'Zafxxvmw'),
(86, 'Ycpsvyfg', 'Sskxhvfq', 'Nsbbepnu'),
(87, 'Jnknkkwd', 'Cawgeqbn', 'Iagdygll'),
(88, 'Wctpeosz', 'Sqzbkusf', 'Xwplijxl'),
(89, 'Mddjlbyp', 'Bnjjsldi', 'Ezkbdkpv'),
(90, 'Icquzpce', 'Ckegdatp', 'Txfmujpu'),
(91, 'Cfvjkwfj', 'Gcvtiiek', 'Zsefbotz'),
(92, 'Pdvtijwg', 'Qmmaoswh', 'Wknhwocw'),
(93, 'Aoeuvukt', 'Nidsdojc', 'Jotcdnbt'),
(94, 'Qvgsxjcm', 'Aqealgxe', 'Uuezxqka'),
(95, 'Abfujkyo', 'Zgiwgsvb', 'Slbyqgkf'),
(96, 'Yzcnjhjy', 'Rmjkzqfg', 'Pfgpfiac'),
(97, 'Imiewuij', 'Vyisqyyw', 'Mvsbetdk'),
(98, 'Pwodzntb', 'Cjnnygjd', 'Ollwamkp'),
(99, 'Sutlxedf', 'Svaeiote', 'Rsqbikch'),
(100, 'Eyfgodyj', 'Yeoesoqp', 'Yzbimjky'),
(101, 'Lmcatuey', 'Rnesnnao', 'Sypdwxzf'),
(102, 'Dcymqqjw', 'Iyvemunh', 'Vjinevae'),
(103, 'Hlkoeslc', 'Fsypeaeg', 'Goyajehn'),
(104, 'Rtskxfjh', 'Ffnwtfug', 'Xwnzjvat'),
(105, 'Opjyqkba', 'Aabdppdx', 'Ebwbtpub'),
(106, 'Zttmdfta', 'Wgpiubuv', 'Tjmiezhp'),
(107, 'Ajskauxf', 'Hvfqntdj', 'Nmupqhqg'),
(108, 'Iyepxtze', 'Jwhwjike', 'Neguelse'),
(109, 'Thghes', 'Vumzlife', 'Focuecjp'),
(110, 'Vknjgcus', 'Cmznsxln', 'Gtyowtbb'),
(111, 'Qwswf', 'Lals', 'dwqr 23');

--
-- Constraints for dumped tables
--

--
-- Constraints for table `company_dealer`
--
ALTER TABLE `company_dealer`
  ADD CONSTRAINT `company_dealer_ibfk_1` FOREIGN KEY (`id_company`) REFERENCES `company` (`id_company`) ON DELETE CASCADE ON UPDATE CASCADE;

--
-- Constraints for table `medicine_manufacture`
--
ALTER TABLE `medicine_manufacture`
  ADD CONSTRAINT `medicine_manufacture_ibfk_1` FOREIGN KEY (`id_company`) REFERENCES `company` (`id_company`) ON DELETE CASCADE ON UPDATE CASCADE,
  ADD CONSTRAINT `medicine_manufacture_ibfk_2` FOREIGN KEY (`id_medicine`) REFERENCES `medicine` (`id_medicine`) ON DELETE CASCADE ON UPDATE CASCADE;

--
-- Constraints for table `medicine_order`
--
ALTER TABLE `medicine_order`
  ADD CONSTRAINT `medicine_order_ibfk_1` FOREIGN KEY (`id_company_dealer`) REFERENCES `company_dealer` (`id_company_dealer`) ON DELETE CASCADE ON UPDATE CASCADE,
  ADD CONSTRAINT `medicine_order_ibfk_2` FOREIGN KEY (`id_medicine`) REFERENCES `medicine` (`id_medicine`) ON DELETE CASCADE ON UPDATE CASCADE,
  ADD CONSTRAINT `medicine_order_ibfk_3` FOREIGN KEY (`id_medicine_manufacture`) REFERENCES `medicine_manufacture` (`id_medicine_manufacture`) ON DELETE CASCADE ON UPDATE CASCADE,
  ADD CONSTRAINT `medicine_order_ibfk_4` FOREIGN KEY (`id_pharmacy`) REFERENCES `pharmacy` (`id_pharmacy`) ON DELETE CASCADE ON UPDATE CASCADE;
COMMIT;

/*!40101 SET CHARACTER_SET_CLIENT=@OLD_CHARACTER_SET_CLIENT */;
/*!40101 SET CHARACTER_SET_RESULTS=@OLD_CHARACTER_SET_RESULTS */;
/*!40101 SET COLLATION_CONNECTION=@OLD_COLLATION_CONNECTION */;
